{"cameraMode":{"drawMode":0,"name":"Shaded","section":"Shading Mode"},"sceneLighting":true,"audioPlay":false,"sceneViewState":{"m_AlwaysRefresh":false,"showFog":true,"showSkybox":true,"showFlares":true,"showImageEffects":true,"showParticleSystems":true,"showVisualEffectGraphs":true,"m_FxEnabled":true},"in2DMode":false,"pivot":{"x":9.019311904907227,"y":0.42781713604927065,"z":-4.346834659576416},"rotation":{"x":0.035222530364990237,"y":-0.9638754725456238,"z":0.16436618566513062,"w":0.206650048494339},"size":3.5470378398895265,"orthographic":false}