{"cameraMode":{"drawMode":0,"name":"Shaded","section":"Shading Mode"},"sceneLighting":true,"audioPlay":false,"sceneViewState":{"m_AlwaysRefresh":false,"showFog":true,"showSkybox":true,"showFlares":true,"showImageEffects":true,"showParticleSystems":true,"showVisualEffectGraphs":true,"m_FxEnabled":true},"in2DMode":false,"pivot":{"x":11.24356746673584,"y":3.491159677505493,"z":4.3342437744140629},"rotation":{"x":-0.11484117060899735,"y":0.8633485436439514,"z":-0.22820959985256196,"w":-0.43541839718818667},"size":0.15977951884269715,"orthographic":false}