{"cameraMode":{"drawMode":0,"name":"Shaded","section":"Shading Mode"},"sceneLighting":true,"audioPlay":false,"sceneViewState":{"m_AlwaysRefresh":false,"showFog":true,"showSkybox":true,"showFlares":true,"showImageEffects":true,"showParticleSystems":true,"showVisualEffectGraphs":true,"m_FxEnabled":true},"in2DMode":false,"pivot":{"x":1.8594145774841309,"y":2.253676652908325,"z":0.1626199334859848},"rotation":{"x":-0.06445027887821198,"y":-0.9355706572532654,"z":0.24537351727485658,"w":-0.24568013846874238},"size":0.44350433349609377,"orthographic":false}