{"cameraMode":{"drawMode":0,"name":"Shaded","section":"Shading Mode"},"sceneLighting":false,"audioPlay":false,"sceneViewState":{"m_AlwaysRefresh":false,"showFog":true,"showSkybox":false,"showFlares":true,"showImageEffects":true,"showParticleSystems":true,"showVisualEffectGraphs":true,"m_FxEnabled":true},"in2DMode":false,"pivot":{"x":-0.8863918781280518,"y":2.1674082279205324,"z":1.266011357307434},"rotation":{"x":-0.008920012041926384,"y":0.7619673013687134,"z":-0.010542018339037896,"w":-0.6475220918655396},"size":3.162985324859619,"orthographic":false}